{
  "_generated": "Generated by SweetTooth, do not edit",
  "description": "Inverts the color of individual windows so they are hue-preserved.\nDefault shortcut is Super+I (Fork from JackKenney, due to 2+ years of inactivity)",
  "name": "True Color Window Invert",
  "settings-schema": "org.gnome.shell.extensions.true-color-window-invert",
  "shell-version": [
    "45"
  ],
  "url": "https://github.com/Lynet101/gnome-true-color-invert",
  "uuid": "true-color-window-invert@lynet101",
  "version": 4
}
